fecha,hora,temperatura,humedad,prediccion
2026-06-05 09:26:38,9,11.1277549282606,72,0.47271957993507385
2026-06-05 09:26:39,9,11.625810947916865,40,0.477374792098999
2026-06-05 09:26:40,9,6.672505514194134,43,0.47271957993507385
2026-06-05 09:26:41,9,10.60502340111589,75,0.47271957993507385
2026-06-05 09:26:42,9,5.075860555370897,42,0.47271957993507385
2026-06-05 09:26:43,9,7.76226276051689,48,0.47271957993507385
2026-06-05 09:26:44,9,8.915355869189295,40,0.47271957993507385
2026-06-05 09:26:45,9,7.245050805895598,71,0.47271957993507385
2026-06-05 09:26:46,9,11.790974727384475,43,0.4849131107330322
2026-06-05 09:26:47,9,5.981095767851166,69,0.47271957993507385
2026-06-05 09:26:49,9,11.970795464420922,52,0.5045077800750732
2026-06-05 09:26:50,9,5.329705905917065,63,0.47271957993507385
2026-06-05 09:26:51,9,5.9391468372752945,45,0.47271957993507385
2026-06-05 09:26:52,9,5.832734335395598,49,0.47271957993507385
2026-06-05 09:26:53,9,8.091093006937095,71,0.47271957993507385
2026-06-05 09:26:54,9,7.7925915084322135,43,0.47271957993507385
2026-06-05 09:26:55,9,9.295734696964644,53,0.47271957993507385
2026-06-05 09:26:56,9,11.899033957166619,44,0.48793917894363403
2026-06-05 09:26:57,9,5.00880339790262,66,0.47271957993507385
2026-06-05 09:26:58,9,10.874865895014878,41,0.47271957993507385
2026-06-05 09:26:59,9,6.708058323136107,78,0.47271957993507385
2026-06-05 09:27:00,9,11.879585454973896,69,0.4749331772327423
2026-06-05 09:27:01,9,11.709885611094599,66,0.480491578578949
2026-06-05 09:27:02,9,10.18875191822591,54,0.4812110960483551
2026-06-05 09:27:03,9,10.030094149159943,45,0.47271957993507385
2026-06-05 09:27:04,9,9.783965143522494,61,0.47271957993507385
2026-06-05 09:27:05,9,9.86449874546605,43,0.47271957993507385
2026-06-05 09:27:06,9,11.48359484869345,52,0.4998033046722412
2026-06-05 09:27:07,9,7.781571137761413,73,0.47271957993507385
2026-06-05 09:27:08,9,8.333281211421962,66,0.47271957993507385
2026-06-05 09:27:09,9,8.70100419327879,66,0.47271957993507385
2026-06-05 09:27:10,9,5.705722076813893,49,0.47271957993507385
2026-06-05 09:27:11,9,5.797258457872505,41,0.47271957993507385
2026-06-05 09:27:12,9,8.337919143252222,50,0.47271957993507385
2026-06-05 09:27:13,9,6.359515299283499,49,0.47271957993507385
2026-06-05 09:27:14,9,8.540517653498664,49,0.47271957993507385
2026-06-05 09:27:15,9,10.731758124017482,51,0.49055930972099304
2026-06-05 09:27:16,9,10.85883508367097,58,0.48506176471710205
2026-06-05 09:27:17,9,11.042661566931852,51,0.4935608506202698
2026-06-05 09:27:18,9,11.925434582089924,62,0.49930045008659363
2026-06-05 09:27:19,9,6.688558554793161,64,0.47271957993507385
2026-06-05 09:27:20,9,6.478936763642473,76,0.47271957993507385
2026-06-05 09:27:21,9,5.18097661681789,63,0.47271957993507385
2026-06-05 09:27:22,9,11.820780550987001,65,0.4866597056388855
2026-06-05 09:27:23,9,6.166899927087059,68,0.47271957993507385
2026-06-05 09:27:24,9,7.041811367265523,76,0.47271957993507385
2026-06-05 09:27:25,9,9.469322461228488,46,0.47271957993507385
2026-06-05 09:27:26,9,5.955837416396442,77,0.47271957993507385
2026-06-05 09:27:27,9,10.745540181522994,41,0.47271957993507385
2026-06-05 09:27:28,9,7.2931095286629395,58,0.47271957993507385
2026-06-05 09:27:29,9,8.646577643971995,44,0.47271957993507385
2026-06-05 09:27:30,9,5.364859893733465,55,0.47271957993507385
2026-06-05 09:27:31,9,10.084747982599898,46,0.4744087755680084
2026-06-05 09:27:32,9,7.33346306013617,72,0.47271957993507385
2026-06-05 09:27:33,9,5.778447229007806,56,0.47271957993507385
2026-06-05 09:27:34,9,10.916930057435644,60,0.4799359142780304
2026-06-05 09:39:07,9,5.65,78,0.47271957993507385
2026-06-05 09:40:17,9,10.88,40,0.47271957993507385
2026-06-05 09:40:18,9,8.4,63,0.47271957993507385
2026-06-05 09:40:19,9,8.97,41,0.47271957993507385
2026-06-05 09:42:56,9,5.54,72,0.47271957993507385
2026-06-05 09:44:16,9,11.93,64,0.4927883744239807
2026-06-05 09:44:25,9,9.6,67,0.47271957993507385
2026-06-05 09:44:27,9,9.23,45,0.47271957993507385
2026-06-05 09:44:29,9,10.96,58,0.48766857385635376
2026-06-05 09:44:31,9,5.85,49,0.47271957993507385
2026-06-05 09:44:33,9,10.04,77,0.47271957993507385
2026-06-05 09:44:36,9,9.15,50,0.47271957993507385
2026-06-05 09:44:37,9,8.47,56,0.47271957993507385
2026-06-05 09:44:38,9,6.43,48,0.47271957993507385
2026-06-05 09:44:38,9,9.08,60,0.47271957993507385
2026-06-05 09:44:39,9,5.31,54,0.47271957993507385
2026-06-05 09:44:43,9,9.3,70,0.47271957993507385
2026-06-05 09:44:47,9,11.9,41,0.4819996654987335
2026-06-05 09:44:52,9,10.84,66,0.47271957993507385
2026-06-05 09:44:56,9,10.71,40,0.47271957993507385
2026-06-05 09:45:00,9,7.71,66,0.47271957993507385
2026-06-05 09:45:04,9,5.59,76,0.47271957993507385
2026-06-05 10:02:23,10,9.77,72,0.47271957993507385
2026-06-05 10:02:25,10,10.54,74,0.47271957993507385
2026-06-05 10:02:27,10,7.85,71,0.47271957993507385
2026-06-05 10:02:29,10,9.42,69,0.47271957993507385
2026-06-05 10:02:31,10,10.6,51,0.47271957993507385
2026-06-05 10:02:37,10,11.93,65,0.4843449294567108
2026-06-05 10:02:38,10,10.9,57,0.48538580536842346
2026-06-05 10:02:38,10,9.57,54,0.47271957993507385
2026-06-05 10:02:41,10,6.29,56,0.47271957993507385
2026-06-05 10:02:42,10,6.88,56,0.47271957993507385
2026-06-05 10:02:47,10,8.05,58,0.47271957993507385
2026-06-05 10:02:51,10,8.26,68,0.47271957993507385
2026-06-05 10:02:56,10,10.63,79,0.47271957993507385
2026-06-05 10:03:00,10,10.13,63,0.47271957993507385
2026-06-05 10:03:05,10,10.82,48,0.47271957993507385
2026-06-05 10:03:09,10,11.46,68,0.47271957993507385
2026-06-05 10:03:14,10,11.04,46,0.47271957993507385
2026-06-05 10:03:18,10,7.92,52,0.47271957993507385
2026-06-05 10:03:23,10,8.59,47,0.47271957993507385
2026-06-05 10:03:28,10,11.74,76,0.47271957993507385
2026-06-05 10:03:33,10,6.05,77,0.47271957993507385
2026-06-05 10:03:37,10,6.79,41,0.47271957993507385
2026-06-05 10:03:42,10,6.24,42,0.47271957993507385
2026-06-05 10:03:47,10,10.69,57,0.4808642864227295
2026-06-05 10:03:51,10,5.05,63,0.47271957993507385
2026-06-05 10:03:56,10,10.94,71,0.47271957993507385
2026-06-05 10:04:01,10,11.53,40,0.47271957993507385
2026-06-05 10:04:05,10,7.31,74,0.47271957993507385
2026-06-05 10:04:09,10,7.63,50,0.47271957993507385
2026-06-05 10:04:14,10,11.75,66,0.4774227440357208
2026-06-05 10:04:18,10,8.12,76,0.47271957993507385
2026-06-05 10:04:22,10,10.05,70,0.47271957993507385
2026-06-05 10:04:26,10,8.29,61,0.47271957993507385
2026-06-05 10:04:30,10,11.32,69,0.47271957993507385
2026-06-05 10:04:34,10,8.99,49,0.47271957993507385
2026-06-05 10:04:39,10,6.67,40,0.47271957993507385
2026-06-05 10:04:43,10,6.56,50,0.47271957993507385
2026-06-05 10:04:47,10,8.62,52,0.47271957993507385
2026-06-05 10:04:51,10,9.62,42,0.47271957993507385
2026-06-05 10:04:55,10,11.2,60,0.4830893278121948
2026-06-05 10:05:00,10,9.64,64,0.47271957993507385
2026-06-05 10:05:04,10,9.7,78,0.47271957993507385
2026-06-05 10:05:08,10,8.29,60,0.47271957993507385
2026-06-05 10:05:12,10,9.52,78,0.47271957993507385
2026-06-05 10:05:16,10,11.34,66,0.47271957993507385
2026-06-05 10:05:21,10,5.93,70,0.47271957993507385
2026-06-05 10:05:25,10,10.93,68,0.47271957993507385
2026-06-05 10:05:29,10,10.89,69,0.47271957993507385
2026-06-05 10:05:33,10,5.73,66,0.47271957993507385
2026-06-05 10:05:37,10,8.25,60,0.47271957993507385
2026-06-05 10:05:42,10,6.71,40,0.47271957993507385
2026-06-05 10:05:46,10,7.06,78,0.47271957993507385
2026-06-05 10:05:50,10,7.41,78,0.47271957993507385
2026-06-05 10:05:54,10,6.21,44,0.47271957993507385
2026-06-05 10:05:58,10,10.91,58,0.48268237709999084
2026-06-05 10:06:03,10,11.23,44,0.47271957993507385
2026-06-05 10:06:07,10,6.81,58,0.47271957993507385
2026-06-05 10:06:11,10,8.94,60,0.47271957993507385
2026-06-05 10:06:15,10,8.86,48,0.47271957993507385
2026-06-05 10:06:19,10,7.1,54,0.47271957993507385
2026-06-05 10:06:24,10,5.39,40,0.47271957993507385
2026-06-05 10:06:28,10,5.21,67,0.47271957993507385
2026-06-05 10:06:32,10,11.89,70,0.47271957993507385
2026-06-05 10:06:36,10,7.85,69,0.47271957993507385
2026-06-05 10:06:40,10,11.96,62,0.4950590431690216
2026-06-05 10:06:45,10,7.75,53,0.47271957993507385
2026-06-05 10:06:49,10,5.57,53,0.47271957993507385
2026-06-05 10:06:53,10,8.62,42,0.47271957993507385
2026-06-05 10:06:57,10,10.47,66,0.47271957993507385
2026-06-05 10:07:01,10,9.81,47,0.47271957993507385
2026-06-05 10:07:05,10,7.72,58,0.47271957993507385
2026-06-05 10:07:10,10,10.43,76,0.47271957993507385
2026-06-05 10:07:14,10,5.15,51,0.47271957993507385
2026-06-05 10:25:08,10,5.23,52.0,0.47271957993507385,automatico
2026-06-05 10:25:12,10,9.76,48.0,0.47271957993507385,automatico
2026-06-05 10:25:17,10,8.37,48.0,0.47271957993507385,automatico
2026-06-05 10:25:21,10,8.44,45.0,0.47271957993507385,automatico
2026-06-05 10:25:25,10,9.06,65.0,0.47271957993507385,automatico
2026-06-05 10:25:30,10,5.26,46.0,0.47271957993507385,automatico
2026-06-05 10:25:35,10,5.09,43.0,0.47271957993507385,automatico
2026-06-05 10:26:02,12,8.0,60,0.47271957993507385,manual
2026-06-05 10:26:04,12,8.0,60,0.47271957993507385,manual
2026-06-05 10:26:07,12,8.0,60,0.47271957993507385,manual
2026-06-05 10:26:09,12,8.0,60,0.47271957993507385,manual
2026-06-05 10:26:14,12,8.1,60,0.47271957993507385,manual
2026-06-05 10:26:32,12,10.89999999999999,60,0.47271957993507385,manual
2026-06-05 10:26:38,12,50.0,60,0.2374521940946579,manual
2026-06-05 10:26:53,12,50.0,60,0.2374521940946579,manual
2026-06-05 10:47:29,10,0.81,74.0,0.9977555274963379,automatico
2026-06-05 10:47:32,10,6.77,56.0,0.05400554835796356,automatico
2026-06-05 10:47:35,10,7.38,60.0,0.05320507660508156,automatico
2026-06-05 10:47:36,10,9.44,48.0,0.8199335932731628,automatico
2026-06-05 10:47:38,10,14.58,31.0,0.9983646273612976,automatico
2026-06-05 10:47:40,10,0.16,81.0,0.9998303055763245,automatico
2026-06-05 10:47:42,10,9.45,48.0,0.8215699195861816,automatico
2026-06-05 10:47:44,10,3.29,66.0,0.15432418882846832,automatico
2026-06-05 10:47:46,10,0.61,81.0,0.9994051456451416,automatico
2026-06-05 10:47:48,10,9.2,53.0,0.5708595514297485,automatico
2026-06-05 10:47:50,10,5.34,68.0,0.002807515673339367,automatico
2026-06-05 10:47:52,10,3.45,72.0,0.18455998599529266,automatico
2026-06-05 10:47:54,10,6.08,63.0,0.012219811789691448,automatico
2026-06-05 10:47:56,10,5.59,66.0,0.004855092614889145,automatico
2026-06-05 10:47:58,10,10.12,41.0,0.9739474058151245,automatico
2026-06-05 10:48:00,10,7.58,59.0,0.07016097009181976,automatico
2026-06-05 10:48:02,10,1.71,82.0,0.9886733889579773,automatico
2026-06-05 10:48:04,10,9.93,51.0,0.8149791955947876,automatico
2026-06-05 10:48:06,10,8.62,49.0,0.6013736724853516,automatico
2026-06-05 10:48:08,10,11.14,46.0,0.9779477715492249,automatico
2026-06-05 10:48:10,10,10.75,63.0,0.5204881429672241,automatico
2026-06-05 10:48:12,10,4.89,61.0,0.005668314639478922,automatico
2026-06-05 10:48:14,10,4.26,68.0,0.014984228648245335,automatico
2026-06-05 10:48:16,10,14.09,35.0,0.9979643821716309,automatico
2026-06-05 10:48:18,10,8.6,48.0,0.6414522528648376,automatico
2026-06-05 10:48:20,10,10.1,57.0,0.6260771751403809,automatico
2026-06-05 10:48:22,10,11.17,50.0,0.9549769759178162,automatico
2026-06-05 10:48:24,10,12.97,36.0,0.9967348575592041,automatico
2026-06-05 10:48:26,10,14.01,42.0,0.9976775050163269,automatico
2026-06-05 10:48:28,10,4.73,71.0,0.0056771873496472836,automatico
2026-06-05 10:48:30,10,13.45,40.0,0.997160792350769,automatico
2026-06-05 10:48:32,10,12.93,41.0,0.9964379072189331,automatico
2026-06-05 10:48:34,10,6.29,71.0,0.004158057738095522,automatico
2026-06-05 10:48:36,10,3.66,67.0,0.06769408285617828,automatico
2026-06-05 10:48:38,10,4.01,65.0,0.021473394706845284,automatico
2026-06-05 10:48:40,10,3.57,73.0,0.15314413607120514,automatico
2026-06-05 10:48:42,10,0.99,80.0,0.9980859160423279,automatico
2026-06-05 10:48:44,10,9.49,46.0,0.8762027621269226,automatico
2026-06-05 10:48:46,10,6.73,55.0,0.05916670709848404,automatico
2026-06-05 10:48:48,10,12.69,35.0,0.996390163898468,automatico
2026-06-05 10:48:50,10,9.74,56.0,0.5763394832611084,automatico
2026-06-05 10:48:52,10,6.8,57.0,0.048886146396398544,automatico
2026-06-05 10:54:21,10,13.48,42.0,0.9971149563789368,automatico
2026-06-05 10:54:23,10,2.08,65.0,0.8267906904220581,automatico
2026-06-05 10:54:25,10,0.01,86.0,0.9999356269836426,automatico
2026-06-05 10:54:27,10,2.07,71.0,0.9048627018928528,automatico
2026-06-05 10:54:29,10,12.06,51.0,0.9791967868804932,automatico
2026-06-05 10:54:31,10,7.72,61.0,0.06132907420396805,automatico
2026-06-05 10:54:33,10,0.91,71.0,0.9958785176277161,automatico
2026-06-05 10:54:35,10,6.17,63.0,0.013260490261018276,automatico
2026-06-05 10:54:37,10,8.85,54.0,0.42638298869132996,automatico
2026-06-05 10:54:39,10,8.86,55.0,0.38267093896865845,automatico
2026-06-05 10:54:41,10,7.18,57.0,0.06570044904947281,automatico
2026-06-05 10:54:43,10,1.95,82.0,0.9781168103218079,automatico
2026-06-05 10:54:45,10,2.14,75.0,0.9240202307701111,automatico
2026-06-05 10:54:47,10,9.95,44.0,0.945525050163269,automatico
2026-06-05 10:54:49,10,5.84,64.0,0.00838346965610981,automatico
2026-06-05 10:54:51,10,6.74,63.0,0.021965891122817993,automatico
2026-06-05 10:54:53,10,7.56,57.0,0.0903393030166626,automatico
2026-06-05 10:54:55,10,7.96,54.0,0.2164527326822281,automatico
2026-06-05 10:54:57,10,10.2,47.0,0.9278333783149719,automatico
2026-06-05 10:54:59,10,9.89,56.0,0.6164696216583252,automatico
2026-06-05 10:55:01,10,1.06,76.0,0.9963898062705994,automatico
2026-06-05 10:55:03,10,10.08,50.0,0.8632137775421143,automatico
2026-06-05 10:55:05,10,3.91,72.0,0.059045907109975815,automatico
2026-06-05 10:55:07,10,3.51,66.0,0.0899205133318901,automatico
2026-06-05 10:56:02,10,13.57,39.0,0.9973347783088684,calor_extremo,automatico
2026-06-05 10:56:06,10,6.73,56.0,0.05234453082084656,seguro,automatico
2026-06-05 10:56:09,10,3.98,71.0,0.04419061914086342,seguro,automatico
2026-06-05 10:56:11,10,10.31,39.0,0.9849687218666077,calor_extremo,automatico
2026-06-05 10:56:13,10,5.67,66.0,0.005223901476711035,seguro,automatico
2026-06-05 10:56:15,10,9.61,50.0,0.7891020774841309,calor_extremo,automatico
2026-06-05 10:56:17,10,5.7,68.0,0.003905314952135086,seguro,automatico
2026-06-05 10:56:19,10,9.29,51.0,0.6837160587310791,calor_extremo,automatico
2026-06-05 10:56:21,10,5.99,67.0,0.005971073638647795,seguro,automatico
2026-06-05 10:56:23,10,3.82,69.0,0.054766468703746796,seguro,automatico
2026-06-05 10:56:25,10,9.53,52.0,0.6995383501052856,calor_extremo,automatico
2026-06-05 10:56:27,10,4.08,68.0,0.024514179676771164,seguro,automatico
2026-06-05 10:56:29,10,3.27,71.0,0.25085896253585815,seguro,automatico
2026-06-05 10:56:31,10,1.33,87.0,0.9977174997329712,frio_extremo,automatico
2026-06-05 10:56:33,10,8.13,57.0,0.15768441557884216,seguro,automatico
2026-06-05 10:56:35,10,11.53,44.0,0.9896829724311829,calor_extremo,automatico
2026-06-05 10:56:37,10,1.41,75.0,0.989376962184906,frio_extremo,automatico
2026-06-05 10:56:39,10,3.09,63.0,0.18632124364376068,seguro,automatico
2026-06-05 10:56:41,10,9.94,54.0,0.7141538858413696,calor_extremo,automatico
2026-06-05 10:56:43,10,5.76,59.0,0.016537051647901535,seguro,automatico
2026-06-05 10:56:45,10,2.26,76.0,0.9066897630691528,frio_extremo,automatico
2026-06-05 10:56:47,10,6.24,55.0,0.04028748348355293,seguro,automatico
2026-06-05 10:56:49,10,14.92,37.0,0.998509407043457,calor_extremo,automatico
2026-06-05 10:56:51,10,9.03,57.0,0.3374669551849365,seguro,automatico
2026-06-05 10:56:53,10,6.05,74.0,0.002068130299448967,seguro,automatico
2026-06-05 10:56:55,10,0.39,80.0,0.9996402859687805,frio_extremo,automatico
2026-06-05 10:56:58,10,6.82,61.0,0.030160672962665558,seguro,automatico
2026-06-05 10:57:00,10,12.59,44.0,0.9957296252250671,calor_extremo,automatico
2026-06-05 10:57:02,10,13.38,48.0,0.9966247081756592,calor_extremo,automatico
2026-06-05 10:57:04,10,6.69,57.0,0.044835805892944336,seguro,automatico
2026-06-05 10:57:06,10,2.83,76.0,0.6646944284439087,frio_extremo,automatico
2026-06-05 10:57:08,10,10.51,47.0,0.9477795362472534,calor_extremo,automatico
2026-06-05 10:57:10,10,14.13,47.0,0.9976266622543335,calor_extremo,automatico
2026-06-05 10:57:12,10,1.4,79.0,0.9933267831802368,frio_extremo,automatico
2026-06-05 10:57:14,10,3.1,71.0,0.349793404340744,seguro,automatico
2026-06-05 10:57:16,10,9.04,57.0,0.33995798230171204,seguro,automatico
2026-06-05 10:57:18,10,6.06,57.0,0.027158180251717567,seguro,automatico
2026-06-05 10:57:20,10,10.45,55.0,0.7841694355010986,calor_extremo,automatico
2026-06-05 10:57:22,10,7.84,49.0,0.3878629803657532,seguro,automatico
2026-06-05 10:57:24,10,10.23,50.0,0.8817460536956787,calor_extremo,automatico
2026-06-05 10:57:26,10,0.43,82.0,0.9996774196624756,frio_extremo,automatico
2026-06-05 10:57:28,10,5.9,60.0,0.0163067989051342,seguro,automatico
2026-06-05 10:57:30,10,0.13,76.0,0.9997292160987854,frio_extremo,automatico
2026-06-05 10:57:32,10,3.55,77.0,0.22910736501216888,seguro,automatico
2026-06-05 10:57:34,10,9.73,53.0,0.705746054649353,calor_extremo,automatico
2026-06-05 10:57:36,10,4.08,66.0,0.019758978858590126,seguro,automatico
2026-06-05 10:57:38,10,9.04,54.0,0.47868508100509644,seguro,automatico
2026-06-05 10:57:40,10,10.22,54.0,0.7733027935028076,calor_extremo,automatico
2026-06-05 10:57:42,10,9.43,49.0,0.7878566384315491,calor_extremo,automatico
2026-06-05 10:57:45,10,5.28,57.0,0.014458081685006618,seguro,automatico
2026-06-05 10:57:47,10,8.64,51.0,0.5119948387145996,seguro,automatico
2026-06-05 10:57:49,10,8.46,49.0,0.5580480694770813,seguro,automatico
2026-06-05 10:57:51,10,1.94,78.0,0.9672887921333313,frio_extremo,automatico
2026-06-05 10:57:54,10,2.74,69.0,0.5407826900482178,frio_extremo,automatico
2026-06-05 10:57:56,10,3.79,73.0,0.08918106555938721,seguro,automatico
2026-06-05 10:57:58,10,7.09,56.0,0.06919042021036148,seguro,automatico
2026-06-05 10:58:00,10,10.11,58.0,0.5826889276504517,calor_extremo,automatico
2026-06-05 10:58:02,10,3.14,77.0,0.48251405358314514,seguro,automatico
2026-06-05 10:58:04,10,5.75,52.0,0.03971252590417862,seguro,automatico
2026-06-05 10:58:06,10,4.64,62.0,0.004892374854534864,seguro,automatico
2026-06-05 10:58:08,10,3.52,73.0,0.1721145659685135,seguro,automatico
2026-06-05 10:58:10,10,3.06,79.0,0.5923375487327576,seguro,automatico
2026-06-05 10:58:12,10,14.58,39.0,0.9982374310493469,calor_extremo,automatico
2026-06-05 10:58:14,10,10.67,44.0,0.9747847318649292,calor_extremo,automatico
2026-06-05 10:58:16,10,9.62,56.0,0.5434658527374268,calor_extremo,automatico
2026-06-05 10:58:18,10,8.26,48.0,0.5507080554962158,seguro,automatico
2026-06-05 10:58:20,10,7.23,59.0,0.05350843816995621,seguro,automatico
2026-06-05 10:58:22,10,10.89,45.0,0.976030707359314,calor_extremo,automatico
2026-06-05 10:58:24,10,3.94,68.0,0.03580314666032791,seguro,automatico
2026-06-05 10:58:26,10,8.84,47.0,0.7391039729118347,seguro,automatico
2026-06-05 10:58:28,10,9.83,38.0,0.9797050356864929,calor_extremo,automatico
2026-06-05 10:58:30,10,11.64,43.0,0.9919918775558472,calor_extremo,automatico
2026-06-05 10:58:32,10,7.98,54.0,0.2202490270137787,seguro,automatico
2026-06-05 10:58:34,10,10.58,45.0,0.9664938449859619,calor_extremo,automatico
2026-06-05 10:58:36,10,0.82,76.0,0.9981480836868286,frio_extremo,automatico
2026-06-05 10:58:38,10,2.14,76.0,0.9314078688621521,frio_extremo,automatico
2026-06-05 10:58:40,10,8.23,59.0,0.1245763972401619,seguro,automatico
2026-06-05 10:58:42,10,9.25,55.0,0.48888251185417175,seguro,automatico
2026-06-05 10:58:44,10,14.13,39.0,0.997880756855011,calor_extremo,automatico
2026-06-05 10:58:46,10,11.48,49.0,0.9731953740119934,calor_extremo,automatico
2026-06-05 10:58:48,10,3.37,71.0,0.20215024054050446,seguro,automatico
2026-06-05 10:58:50,10,11.77,45.0,0.9903972744941711,calor_extremo,automatico
2026-06-05 10:58:52,10,4.4,65.0,0.007341492455452681,seguro,automatico
2026-06-05 10:58:54,10,4.68,66.0,0.0038116429932415485,seguro,automatico
2026-06-05 10:58:56,10,2.21,59.0,0.631576657295227,frio_extremo,automatico
2026-06-05 10:58:58,10,8.66,55.0,0.3316658139228821,seguro,automatico
2026-06-05 10:59:00,10,1.51,79.0,0.9909526705741882,frio_extremo,automatico
2026-06-05 10:59:02,10,4.67,72.0,0.007479897700250149,seguro,automatico
2026-06-05 10:59:04,10,6.75,56.0,0.05316891148686409,seguro,automatico
2026-06-05 10:59:06,10,4.45,69.0,0.009900050237774849,seguro,automatico
2026-06-05 10:59:08,10,6.23,61.0,0.018756818026304245,seguro,automatico
2026-06-05 10:59:10,10,10.66,54.0,0.8476660251617432,calor_extremo,automatico
2026-06-05 10:59:12,10,10.47,38.0,0.9888490438461304,calor_extremo,automatico
2026-06-05 10:59:14,10,10.9,48.0,0.9584998488426208,calor_extremo,automatico
2026-06-05 10:59:16,10,3.12,72.0,0.36228394508361816,seguro,automatico
2026-06-05 10:59:18,10,8.32,57.0,0.1878187507390976,seguro,automatico
2026-06-05 10:59:20,10,5.17,61.0,0.007321260403841734,seguro,automatico
2026-06-05 10:59:22,10,8.73,50.0,0.5843867063522339,seguro,automatico
2026-06-05 10:59:24,10,3.83,69.0,0.053340617567300797,seguro,automatico
2026-06-05 10:59:26,10,5.44,61.0,0.009365900419652462,seguro,automatico
2026-06-05 10:59:28,10,1.34,75.0,0.991244375705719,frio_extremo,automatico
2026-06-05 10:59:30,10,4.16,71.0,0.027224909514188766,seguro,automatico
2026-06-05 10:59:32,10,9.87,58.0,0.5167187452316284,calor_extremo,automatico
2026-06-05 10:59:34,10,14.16,40.0,0.997876763343811,calor_extremo,automatico
2026-06-05 10:59:36,10,9.78,53.0,0.7171605825424194,calor_extremo,automatico
2026-06-05 10:59:38,10,9.52,53.0,0.6550372242927551,calor_extremo,automatico
2026-06-05 10:59:40,10,5.13,70.0,0.0026118489913642406,seguro,automatico
2026-06-05 10:59:42,10,14.18,34.0,0.9980655908584595,calor_extremo,automatico
2026-06-05 10:59:44,10,2.31,64.0,0.6924042701721191,frio_extremo,automatico
2026-06-05 10:59:46,10,8.72,50.0,0.5816828608512878,seguro,automatico
2026-06-05 10:59:48,10,10.66,46.0,0.9629665613174438,calor_extremo,automatico
2026-06-05 10:59:50,10,10.15,46.0,0.9364928007125854,calor_extremo,automatico
2026-06-05 10:59:52,10,8.15,55.0,0.21962207555770874,seguro,automatico
2026-06-05 10:59:54,10,10.44,51.0,0.8859378099441528,calor_extremo,automatico
2026-06-05 10:59:56,10,0.11,76.0,0.9997438788414001,frio_extremo,automatico
2026-06-05 10:59:58,10,13.18,30.0,0.9972473978996277,calor_extremo,automatico
2026-06-05 11:00:00,11,13.86,43.0,0.997672975063324,calor_extremo,automatico
2026-06-05 11:00:02,11,7.58,61.0,0.04852883517742157,seguro,automatico
2026-06-05 11:00:04,11,9.53,40.0,0.959551215171814,calor_extremo,automatico
2026-06-05 11:00:06,11,7.06,70.0,0.009754586033523083,seguro,automatico
2026-06-05 11:00:08,11,2.14,79.0,0.9511829614639282,frio_extremo,automatico
2026-06-05 11:00:10,11,6.73,63.0,0.01914353109896183,seguro,automatico
2026-06-05 11:00:12,11,4.3,74.0,0.026459144428372383,seguro,automatico
2026-06-05 11:00:14,11,8.17,55.0,0.22496290504932404,seguro,automatico
2026-06-05 11:00:16,11,14.78,34.0,0.9985945224761963,calor_extremo,automatico
2026-06-05 11:00:18,11,8.3,56.0,0.21668066084384918,seguro,automatico
2026-06-05 11:00:20,11,10.03,52.0,0.8037405014038086,calor_extremo,automatico
2026-06-05 11:00:22,11,2.06,77.0,0.9513033628463745,frio_extremo,automatico
2026-06-05 11:00:24,11,3.26,65.0,0.15481474995613098,seguro,automatico
2026-06-05 11:00:26,11,10.03,48.0,0.8985058069229126,calor_extremo,automatico
2026-06-05 11:00:28,11,8.07,60.0,0.09014958888292313,seguro,automatico
2026-06-05 11:00:30,11,9.22,42.0,0.9195471405982971,calor_extremo,automatico
2026-06-05 11:00:32,11,6.99,51.0,0.14449478685855865,seguro,automatico
2026-06-05 11:00:34,11,11.08,44.0,0.9840058088302612,calor_extremo,automatico
2026-06-05 11:00:36,11,11.22,38.0,0.993622362613678,calor_extremo,automatico
2026-06-05 11:00:38,11,6.74,59.0,0.0320071317255497,seguro,automatico
2026-06-05 11:00:40,11,4.12,67.0,0.020329531282186508,seguro,automatico
2026-06-05 11:00:42,11,2.75,75.0,0.6958208084106445,frio_extremo,automatico
2026-06-05 11:00:44,11,3.25,70.0,0.24635139107704163,seguro,automatico
2026-06-05 11:00:46,11,0.96,76.0,0.9973474740982056,frio_extremo,automatico
2026-06-05 11:00:48,11,1.88,78.0,0.9729974269866943,frio_extremo,automatico
2026-06-05 11:00:50,11,3.74,68.0,0.0626692995429039,seguro,automatico
2026-06-05 11:00:52,11,4.07,71.0,0.035753872245550156,seguro,automatico
2026-06-05 11:00:54,11,7.54,59.0,0.06247138977050781,seguro,automatico
2026-06-05 11:00:56,11,9.97,49.0,0.8722809553146362,calor_extremo,automatico
2026-06-05 11:00:58,11,3.39,68.0,0.15070272982120514,seguro,automatico
2026-06-05 11:01:00,11,3.02,72.0,0.4362858831882477,seguro,automatico
2026-06-05 11:01:02,11,5.41,60.0,0.009602569974958897,seguro,automatico
2026-06-05 11:01:04,11,6.07,58.0,0.021202856674790382,seguro,automatico
2026-06-05 11:01:06,11,12.78,37.0,0.9966745376586914,calor_extremo,automatico
2026-06-05 11:01:08,11,14.24,39.0,0.9981179237365723,calor_extremo,automatico
2026-06-05 11:01:10,11,6.56,65.0,0.012917607091367245,seguro,automatico
2026-06-05 11:01:12,11,13.62,30.0,0.997404932975769,calor_extremo,automatico
2026-06-05 11:01:14,11,13.74,39.0,0.9976903200149536,calor_extremo,automatico
2026-06-05 11:01:16,11,11.11,52.0,0.9315652847290039,calor_extremo,automatico
2026-06-05 11:01:18,11,10.18,48.0,0.9127399325370789,calor_extremo,automatico
2026-06-05 11:01:20,11,3.11,68.0,0.27923673391342163,seguro,automatico
2026-06-05 11:01:22,11,8.68,49.0,0.6192989349365234,seguro,automatico
2026-06-05 11:01:24,11,1.33,71.0,0.9872132539749146,frio_extremo,automatico
2026-06-05 11:01:26,11,3.57,69.0,0.10708940774202347,seguro,automatico
2026-06-05 11:01:28,11,9.3,50.0,0.7277818918228149,calor_extremo,automatico
2026-06-05 11:01:30,11,4.06,68.0,0.026660170406103134,seguro,automatico
2026-06-05 11:01:32,11,8.24,50.0,0.4512782394886017,seguro,automatico
2026-06-05 11:01:34,11,7.62,54.0,0.1603066623210907,seguro,automatico
2026-06-05 11:01:36,11,3.29,77.0,0.3874746561050415,seguro,automatico
2026-06-05 11:01:38,11,13.77,45.0,0.9975163340568542,calor_extremo,automatico
2026-06-05 11:01:40,11,2.86,75.0,0.6273148655891418,frio_extremo,automatico
2026-06-05 11:01:42,11,12.59,30.0,0.996433675289154,calor_extremo,automatico
2026-06-05 11:01:44,11,10.87,52.0,0.9124612808227539,calor_extremo,automatico
2026-06-05 11:01:46,11,3.29,69.0,0.20751500129699707,seguro,automatico
2026-06-05 11:01:48,11,3.07,76.0,0.5113306641578674,seguro,automatico
2026-06-05 11:01:50,11,6.03,67.0,0.00613308185711503,seguro,automatico
2026-06-05 11:01:52,11,9.86,47.0,0.898838460445404,calor_extremo,automatico
2026-06-05 11:01:54,11,11.13,40.0,0.9920613169670105,calor_extremo,automatico
2026-06-05 11:01:56,11,9.4,49.0,0.7836962342262268,calor_extremo,automatico
2026-06-05 11:01:58,11,0.02,77.0,0.9998268485069275,frio_extremo,automatico
2026-06-05 11:02:00,11,3.05,63.0,0.20879575610160828,seguro,automatico
2026-06-05 11:02:02,11,5.81,63.0,0.00905502401292324,seguro,automatico
2026-06-05 11:02:04,11,5.13,69.0,0.0026788075920194387,seguro,automatico
2026-06-05 11:02:06,11,7.77,62.0,0.04979033023118973,seguro,automatico
2026-06-05 11:02:08,11,2.71,82.0,0.8469408750534058,frio_extremo,automatico
2026-06-05 11:02:10,11,10.89,53.0,0.8978521227836609,calor_extremo,automatico
2026-06-05 11:02:12,11,1.4,71.0,0.9844996333122253,frio_extremo,automatico
2026-06-05 11:02:14,11,13.58,45.0,0.997315526008606,calor_extremo,automatico
2026-06-05 11:02:16,11,5.37,63.0,0.006316327024251223,seguro,automatico
2026-06-05 11:02:18,11,14.02,39.0,0.9979404807090759,calor_extremo,automatico
2026-06-05 11:02:20,11,4.64,72.0,0.008375636301934719,seguro,automatico
2026-06-05 11:02:22,11,1.11,80.0,0.9974068999290466,frio_extremo,automatico
2026-06-05 11:02:24,11,8.29,53.0,0.32781848311424255,seguro,automatico
2026-06-05 11:02:26,11,2.1,76.0,0.9399369359016418,frio_extremo,automatico
2026-06-05 11:02:28,11,7.6,51.0,0.24973580241203308,seguro,automatico
2026-06-05 11:02:30,11,1.19,72.0,0.9922105073928833,frio_extremo,automatico
2026-06-05 11:02:32,11,11.0,44.0,0.9825435280799866,calor_extremo,automatico
2026-06-05 11:02:33,11,9.46,55.0,0.5492718815803528,calor_extremo,automatico
2026-06-05 11:02:38,11,7.79,46.0,0.5187180042266846,seguro,automatico
2026-06-05 11:02:43,11,12.87,40.0,0.9966558218002319,calor_extremo,automatico
2026-06-05 11:02:48,11,5.17,63.0,0.005275936331599951,seguro,automatico
2026-06-05 11:02:53,11,9.9,48.0,0.8845404386520386,calor_extremo,automatico
2026-06-05 11:02:58,11,9.03,53.0,0.5262110829353333,calor_extremo,automatico
2026-06-05 11:03:03,11,10.68,50.0,0.9254077672958374,calor_extremo,automatico
2026-06-05 11:03:08,11,5.49,62.0,0.007926707156002522,seguro,automatico
2026-06-05 11:03:13,11,0.77,79.0,0.9988765120506287,frio_extremo,automatico
2026-06-05 11:03:19,11,3.33,64.0,0.11890989542007446,seguro,automatico
2026-06-05 11:03:24,11,9.32,45.0,0.8775312304496765,calor_extremo,automatico
2026-06-05 11:03:29,11,10.54,44.0,0.9712188839912415,calor_extremo,automatico
2026-06-05 11:03:34,11,2.37,77.0,0.8916501402854919,frio_extremo,automatico
2026-06-05 11:03:38,11,3.13,66.0,0.22713890671730042,seguro,automatico
2026-06-05 11:03:43,11,1.94,64.0,0.8668701648712158,frio_extremo,automatico
2026-06-05 11:03:48,11,4.67,53.0,0.012890137732028961,seguro,automatico
2026-06-05 11:03:53,11,10.6,56.0,0.7812363505363464,calor_extremo,automatico
2026-06-05 11:03:58,11,9.32,56.0,0.4623965322971344,seguro,automatico
2026-06-05 11:04:03,11,7.66,59.0,0.07075977325439453,seguro,automatico
2026-06-05 11:04:08,11,4.7,62.0,0.0046411496587097645,seguro,automatico
2026-06-05 11:04:13,11,13.66,35.0,0.9977447986602783,calor_extremo,automatico
2026-06-05 11:04:18,11,8.83,58.0,0.2532959580421448,seguro,automatico
2026-06-05 11:04:23,11,4.4,55.0,0.007998221553862095,seguro,automatico
2026-06-05 11:04:28,11,10.11,54.0,0.7527560591697693,calor_extremo,automatico
2026-06-05 11:04:33,11,6.24,66.0,0.008707469329237938,seguro,automatico
2026-06-05 11:04:38,11,10.14,49.0,0.8919048309326172,calor_extremo,automatico
2026-06-05 11:04:43,11,3.05,68.0,0.3141200840473175,seguro,automatico
2026-06-05 11:04:49,11,4.24,74.0,0.03112841583788395,seguro,automatico
2026-06-05 11:04:53,11,10.07,48.0,0.9024912714958191,calor_extremo,automatico
2026-06-05 11:09:28,11,4.4,64.0,0.006781482137739658,seguro,automatico
2026-06-05 11:09:30,11,3.64,61.0,0.03923846408724785,seguro,automatico
2026-06-05 11:09:33,11,5.91,59.0,0.0164005309343338,seguro,automatico
2026-06-05 11:09:35,11,11.98,41.0,0.9951205849647522,calor_extremo,automatico
2026-06-05 11:09:37,11,2.26,70.0,0.8379007577896118,frio_extremo,automatico
2026-06-05 11:09:39,11,0.66,84.0,0.9995233416557312,frio_extremo,automatico
2026-06-05 11:09:41,11,13.3,33.0,0.9974597096443176,calor_extremo,automatico
2026-06-05 11:09:43,11,8.51,56.0,0.25892582535743713,seguro,automatico
2026-06-05 11:20:08,12,8.0,60,0.0846322551369667,seguro,manual
2026-06-05 11:20:31,11,8.03,52.0,0.3069302439689636,seguro,automatico
2026-06-05 11:20:34,11,5.22,61.0,0.007228016387671232,seguro,automatico
2026-06-05 11:20:36,11,1.98,69.0,0.9099713563919067,frio_extremo,automatico
2026-06-05 11:20:38,11,12.38,47.0,0.9928410649299622,calor_extremo,automatico
2026-06-05 11:20:40,11,9.55,47.0,0.8629027605056763,calor_extremo,automatico
2026-06-05 11:20:42,11,14.14,36.0,0.9981207847595215,calor_extremo,automatico
2026-06-05 11:20:44,11,0.33,83.0,0.9997879266738892,frio_extremo,automatico
2026-06-05 11:20:46,11,5.29,60.0,0.008705481886863708,seguro,automatico
2026-06-05 11:20:48,11,4.8,66.0,0.0035485916305333376,seguro,automatico
2026-06-05 11:20:50,11,6.65,54.0,0.0609532967209816,seguro,automatico
2026-06-05 11:20:52,11,5.4,64.0,0.0055540320463478565,seguro,automatico
2026-06-05 11:20:54,11,4.77,71.0,0.005236720200628042,seguro,automatico
2026-06-05 11:20:56,11,0.0,75.0,0.9997958540916443,frio_extremo,automatico
2026-06-05 11:20:59,11,6.38,61.0,0.01860232651233673,seguro,automatico
2026-06-05 11:21:01,11,5.5,65.0,0.005191173404455185,seguro,automatico
2026-06-05 11:21:03,11,4.44,71.0,0.013041076250374317,seguro,automatico
2026-06-05 11:21:05,11,6.92,51.0,0.13513495028018951,seguro,automatico
2026-06-05 11:21:07,11,4.79,77.0,0.00955528300255537,seguro,automatico
2026-06-05 11:21:09,11,3.33,75.0,0.3121698200702667,seguro,automatico
2026-06-05 11:21:11,11,9.32,48.0,0.8007656931877136,calor_extremo,automatico
2026-06-05 11:21:13,11,7.63,61.0,0.050469107925891876,seguro,automatico
2026-06-05 11:21:15,11,3.5,66.0,0.09480123966932297,seguro,automatico
2026-06-05 11:21:17,11,8.84,57.0,0.2937448024749756,seguro,automatico
2026-06-05 11:21:19,11,5.15,57.0,0.011415191926062107,seguro,automatico
2026-06-05 11:21:21,11,13.17,47.0,0.9965737462043762,calor_extremo,automatico
2026-06-05 11:21:23,11,8.41,55.0,0.2748698592185974,seguro,automatico
2026-06-05 11:21:25,11,0.41,75.0,0.9993598461151123,frio_extremo,automatico
2026-06-05 11:21:27,11,8.52,55.0,0.29991254210472107,seguro,automatico
2026-06-05 11:21:29,11,6.03,57.0,0.02330637350678444,seguro,automatico
2026-06-05 11:21:31,11,10.22,47.0,0.9298747777938843,calor_extremo,automatico
2026-06-05 11:21:34,11,11.26,47.0,0.9768294095993042,calor_extremo,automatico
2026-06-05 11:21:36,11,6.28,59.0,0.02212435007095337,seguro,automatico
2026-06-05 11:21:38,11,3.67,76.0,0.16411571204662323,seguro,automatico
2026-06-05 11:21:40,11,5.79,60.0,0.013091344386339188,seguro,automatico
2026-06-05 11:21:42,11,9.61,55.0,0.5901427268981934,calor_extremo,automatico
2026-06-05 11:21:44,11,3.76,71.0,0.08090046793222427,seguro,automatico
2026-06-05 11:21:46,11,11.26,47.0,0.9768294095993042,calor_extremo,automatico
2026-06-05 11:21:48,11,11.68,38.0,0.9947134852409363,calor_extremo,automatico
2026-06-05 11:21:50,11,10.29,63.0,0.39628908038139343,seguro,automatico
2026-06-05 11:21:52,11,12.35,36.0,0.9960910677909851,calor_extremo,automatico
2026-06-05 11:21:54,11,6.62,54.0,0.059071287512779236,seguro,automatico
2026-06-05 11:21:56,11,8.73,51.0,0.5391037464141846,seguro,automatico
2026-06-05 11:21:58,11,3.42,68.0,0.14030425250530243,seguro,automatico
2026-06-05 11:22:00,11,8.12,57.0,0.15735650062561035,seguro,automatico
2026-06-05 11:22:02,11,4.04,68.0,0.028146322816610336,seguro,automatico
2026-06-05 11:22:04,11,0.27,84.0,0.9998393058776855,frio_extremo,automatico
2026-06-05 11:22:06,11,1.03,75.0,0.9964032769203186,frio_extremo,automatico
2026-06-05 11:22:08,11,2.82,72.0,0.5748096704483032,frio_extremo,automatico
2026-06-05 11:22:10,11,0.01,78.0,0.9998492002487183,frio_extremo,automatico
2026-06-05 11:22:12,11,12.24,40.0,0.995673656463623,calor_extremo,automatico
2026-06-05 11:22:14,11,7.23,61.0,0.03680744394659996,seguro,automatico
2026-06-05 11:22:16,11,14.13,35.0,0.9981396198272705,calor_extremo,automatico
2026-06-05 11:22:18,11,6.9,55.0,0.06602375954389572,seguro,automatico
2026-06-05 11:22:20,11,7.25,67.0,0.01752445101737976,seguro,automatico
2026-06-05 11:22:22,11,7.69,56.0,0.12308423966169357,seguro,automatico
2026-06-05 11:22:24,11,7.21,59.0,0.046460531651973724,seguro,automatico
2026-06-05 11:22:26,11,4.07,68.0,0.025945957750082016,seguro,automatico
2026-06-05 11:22:28,11,9.28,49.0,0.7602182626724243,calor_extremo,automatico
2026-06-05 11:22:30,11,2.59,75.0,0.7813714742660522,frio_extremo,automatico
2026-06-05 11:22:32,11,3.13,74.0,0.4152016341686249,seguro,automatico
2026-06-05 11:22:34,11,9.79,52.0,0.7582145929336548,calor_extremo,automatico
2026-06-05 11:22:37,11,9.59,51.0,0.7527263164520264,calor_extremo,automatico
2026-06-05 11:22:39,11,5.49,65.0,0.00514388270676136,seguro,automatico
2026-06-05 11:22:41,11,8.87,57.0,0.30071404576301575,seguro,automatico
2026-06-05 11:22:43,11,9.4,52.0,0.6702173948287964,calor_extremo,automatico
2026-06-05 11:22:45,11,5.84,61.0,0.011995934881269932,seguro,automatico
2026-06-05 11:22:47,11,6.25,57.0,0.02781485952436924,seguro,automatico
2026-06-05 11:22:49,11,6.79,54.0,0.07049880921840668,seguro,automatico
2026-06-05 11:22:51,11,3.15,70.0,0.30168330669403076,seguro,automatico
2026-06-05 11:22:53,11,10.8,46.0,0.9684019684791565,calor_extremo,automatico
2026-06-05 11:22:56,11,5.31,63.0,0.005996683146804571,seguro,automatico
2026-06-05 11:22:58,11,12.34,34.0,0.9961844682693481,calor_extremo,automatico
2026-06-05 11:23:01,11,10.12,46.0,0.9350069165229797,calor_extremo,automatico
2026-06-05 11:23:03,11,9.22,51.0,0.6685647964477539,calor_extremo,automatico
2026-06-05 11:23:10,11,4.09,61.0,0.01150951161980629,seguro,automatico
2026-06-05 11:23:13,11,7.65,53.0,0.19312049448490143,seguro,automatico
2026-06-05 11:23:14,11,9.55,51.0,0.744353175163269,calor_extremo,automatico
2026-06-05 11:23:19,11,12.47,44.0,0.9958239197731018,calor_extremo,automatico
2026-06-05 11:23:23,11,12.66,45.0,0.9959290027618408,calor_extremo,automatico
2026-06-05 11:23:27,11,0.14,89.0,0.9999355673789978,frio_extremo,automatico
2026-06-05 11:23:31,11,14.93,36.0,0.9986403584480286,calor_extremo,automatico
2026-06-05 11:23:35,11,1.29,69.0,0.9857622981071472,frio_extremo,automatico
2026-06-05 11:23:39,11,13.95,36.0,0.9979687333106995,calor_extremo,automatico
2026-06-05 11:23:43,11,9.27,51.0,0.6807693243026733,calor_extremo,automatico
2026-06-05 11:23:47,11,9.12,51.0,0.6434759497642517,calor_extremo,automatico
2026-06-05 11:23:51,11,0.15,86.0,0.9999077320098877,frio_extremo,automatico
2026-06-05 11:23:55,11,1.74,76.0,0.9771204590797424,frio_extremo,automatico
2026-06-05 11:23:59,11,7.72,57.0,0.10689088702201843,seguro,automatico
2026-06-05 11:24:03,11,4.71,68.0,0.004450627136975527,seguro,automatico
2026-06-05 11:24:07,11,3.78,75.0,0.11456528306007385,seguro,automatico
2026-06-05 11:24:11,11,10.33,45.0,0.9565845131874084,calor_extremo,automatico
2026-06-05 11:24:15,11,3.29,75.0,0.33660784363746643,seguro,automatico
2026-06-05 11:24:19,11,2.46,71.0,0.7676692008972168,frio_extremo,automatico
2026-06-05 11:24:23,11,9.65,46.0,0.895064651966095,calor_extremo,automatico
2026-06-05 11:24:27,11,0.85,81.0,0.9988736510276794,frio_extremo,automatico
2026-06-05 11:24:31,11,4.75,68.0,0.003982723690569401,seguro,automatico
2026-06-05 11:24:35,11,10.87,55.0,0.8539464473724365,calor_extremo,automatico
2026-06-05 11:24:39,11,0.65,84.0,0.9995364546775818,frio_extremo,automatico
2026-06-05 11:24:43,11,5.05,67.0,0.0030929099302738905,seguro,automatico
2026-06-05 11:24:47,11,3.88,67.0,0.03894641622900963,seguro,automatico
2026-06-05 11:24:51,11,3.26,73.0,0.30676397681236267,seguro,automatico
2026-06-05 11:24:55,11,8.42,64.0,0.0646354928612709,seguro,automatico
2026-06-05 11:24:59,11,10.21,45.0,0.9506914615631104,calor_extremo,automatico
2026-06-05 11:25:03,11,14.5,36.0,0.9983783960342407,calor_extremo,automatico
2026-06-05 11:25:07,11,12.54,40.0,0.9961727857589722,calor_extremo,automatico
2026-06-05 11:25:11,11,1.31,78.0,0.9943702220916748,frio_extremo,automatico
2026-06-05 11:25:15,11,8.5,53.0,0.3811873197555542,seguro,automatico
2026-06-05 11:25:19,11,1.13,69.0,0.9908401370048523,frio_extremo,automatico
2026-06-05 11:25:23,11,5.83,67.0,0.005107767879962921,seguro,automatico
2026-06-05 11:25:27,11,3.83,67.0,0.044514503329992294,seguro,automatico
2026-06-05 11:25:31,11,3.23,70.0,0.25685229897499084,seguro,automatico
2026-06-05 11:25:35,11,10.46,46.0,0.9545407295227051,calor_extremo,automatico
2026-06-05 11:25:39,11,1.67,72.0,0.9709303379058838,frio_extremo,automatico
2026-06-05 11:25:43,11,6.84,58.0,0.03927724435925484,seguro,automatico
2026-06-05 11:25:47,11,11.1,45.0,0.981089174747467,calor_extremo,automatico
2026-06-05 11:25:51,11,1.29,72.0,0.9897308349609375,frio_extremo,automatico
2026-06-05 11:25:55,11,6.15,58.0,0.022616520524024963,seguro,automatico
2026-06-05 11:25:59,11,8.12,57.0,0.15735650062561035,seguro,automatico
2026-06-05 11:26:03,11,11.93,52.0,0.9713343381881714,calor_extremo,automatico
2026-06-05 11:26:07,11,9.47,50.0,0.7635908722877502,calor_extremo,automatico
2026-06-05 11:26:11,11,6.37,65.0,0.01106448844075203,seguro,automatico
2026-06-05 11:26:15,11,5.76,63.0,0.008692339062690735,seguro,automatico
2026-06-05 11:26:19,11,4.2,66.0,0.014650886878371239,seguro,automatico
2026-06-05 11:26:23,11,10.63,46.0,0.9620750546455383,calor_extremo,automatico
2026-06-05 11:26:27,11,10.73,45.0,0.9717339873313904,calor_extremo,automatico
2026-06-05 11:26:31,11,0.65,78.0,0.9991021752357483,frio_extremo,automatico
2026-06-05 11:26:35,11,3.49,68.0,0.11836807429790497,seguro,automatico
2026-06-05 11:26:39,11,5.33,69.0,0.002516451058909297,seguro,automatico
2026-06-05 11:26:43,11,3.35,76.0,0.3239850699901581,seguro,automatico
2026-06-05 11:26:47,11,4.37,63.0,0.006604708731174469,seguro,automatico
2026-06-05 11:26:51,11,3.48,70.0,0.14684277772903442,seguro,automatico
2026-06-05 11:26:55,11,8.62,46.0,0.7306675910949707,seguro,automatico
2026-06-05 11:26:59,11,7.97,56.0,0.1608208566904068,seguro,automatico
2026-06-05 11:27:03,11,8.47,58.0,0.18520206212997437,seguro,automatico
2026-06-05 11:27:07,11,9.51,49.0,0.8037151098251343,calor_extremo,automatico
2026-06-05 11:27:11,11,3.75,73.0,0.10139865428209305,seguro,automatico
2026-06-05 11:27:15,11,5.27,61.0,0.0075300633907318115,seguro,automatico
2026-06-05 11:27:19,11,10.12,41.0,0.9741659760475159,calor_extremo,automatico
2026-06-05 11:27:23,11,8.16,59.0,0.11722343415021896,seguro,automatico
2026-06-05 11:27:27,11,9.23,50.0,0.7120876312255859,calor_extremo,automatico
2026-06-05 11:27:31,11,3.27,61.0,0.10282409936189651,seguro,automatico
2026-06-05 11:27:35,11,10.89,48.0,0.9584015011787415,calor_extremo,automatico
2026-06-05 11:27:39,11,6.34,59.0,0.023220811039209366,seguro,automatico
2026-06-05 11:27:43,11,3.39,79.0,0.37371695041656494,seguro,automatico
2026-06-05 11:27:47,11,8.32,59.0,0.13692806661128998,seguro,automatico
2026-06-05 11:27:51,11,10.19,42.0,0.971112072467804,calor_extremo,automatico
2026-06-05 11:27:55,11,6.94,58.0,0.042510874569416046,seguro,automatico
2026-06-05 11:27:59,11,14.28,38.0,0.9981745481491089,calor_extremo,automatico
2026-06-05 11:28:03,11,6.47,75.0,0.0025669061578810215,seguro,automatico
2026-06-05 11:28:07,11,9.2,45.0,0.8624507188796997,calor_extremo,automatico
2026-06-05 11:28:11,11,5.12,66.0,0.003211046103388071,seguro,automatico
2026-06-05 11:28:15,11,3.85,72.0,0.07103441655635834,seguro,automatico
2026-06-05 11:28:19,11,6.92,60.0,0.03259289264678955,seguro,automatico
2026-06-05 11:28:23,11,3.8,77.0,0.13236595690250397,seguro,automatico
2026-06-05 11:28:27,11,3.27,69.0,0.21683643758296967,seguro,automatico
2026-06-05 11:28:31,11,0.41,73.0,0.9992020130157471,frio_extremo,automatico
2026-06-05 11:28:35,11,4.3,74.0,0.026459144428372383,seguro,automatico
2026-06-05 11:28:39,11,7.19,53.0,0.12548762559890747,seguro,automatico
2026-06-05 11:28:43,11,3.57,70.0,0.11809764057397842,seguro,automatico
2026-06-05 11:28:47,11,4.06,72.0,0.04083409905433655,seguro,automatico
2026-06-05 11:28:51,11,7.48,57.0,0.08395212888717651,seguro,automatico
2026-06-05 11:28:55,11,9.58,58.0,0.43856707215309143,seguro,automatico
2026-06-05 11:28:59,11,10.88,45.0,0.9759728312492371,calor_extremo,automatico
2026-06-05 11:29:03,11,3.19,69.0,0.25709962844848633,seguro,automatico
2026-06-05 11:29:07,11,4.43,64.0,0.0062406170181930065,seguro,automatico
2026-06-05 11:29:11,11,5.89,55.0,0.0268191359937191,seguro,automatico
2026-06-05 11:29:15,11,10.9,42.0,0.9866745471954346,calor_extremo,automatico
2026-06-05 11:29:19,11,9.15,52.0,0.6061423420906067,calor_extremo,automatico
2026-06-05 11:29:23,11,9.6,44.0,0.9222551584243774,calor_extremo,automatico
2026-06-05 11:29:27,11,2.15,71.0,0.8869248032569885,frio_extremo,automatico
2026-06-05 11:29:31,11,5.47,75.0,0.0016863265773281455,seguro,automatico
2026-06-05 11:29:35,11,3.92,72.0,0.05918262153863907,seguro,automatico
2026-06-05 11:29:39,11,3.52,68.0,0.10991233587265015,seguro,automatico
2026-06-05 11:29:43,11,8.55,59.0,0.17005430161952972,seguro,automatico
2026-06-05 11:29:47,11,0.45,84.0,0.9997345805168152,frio_extremo,automatico
2026-06-05 11:29:51,11,3.65,67.0,0.07146304100751877,seguro,automatico
2026-06-05 11:29:55,11,1.46,74.0,0.9868059754371643,frio_extremo,automatico
2026-06-05 11:29:59,11,6.87,58.0,0.040221743285655975,seguro,automatico
2026-06-05 11:30:03,11,0.45,84.0,0.9997345805168152,frio_extremo,automatico
2026-06-05 11:30:07,11,4.16,74.0,0.03860841318964958,seguro,automatico
2026-06-05 11:30:11,11,8.1,53.0,0.28305041790008545,seguro,automatico
2026-06-05 11:30:15,11,4.15,79.0,0.06687243282794952,seguro,automatico
2026-06-05 11:30:19,11,9.76,53.0,0.7143954038619995,calor_extremo,automatico
2026-06-05 11:30:23,11,1.28,79.0,0.9953579902648926,frio_extremo,automatico
2026-06-05 11:30:27,11,6.5,60.0,0.0232717115432024,seguro,automatico
2026-06-05 11:30:31,11,13.57,38.0,0.9975587129592896,calor_extremo,automatico
2026-06-05 11:30:35,11,4.27,67.0,0.013473629020154476,seguro,automatico
2026-06-05 11:30:39,11,12.4,49.0,0.9902805685997009,calor_extremo,automatico
2026-06-05 11:30:43,11,7.19,53.0,0.12548762559890747,seguro,automatico
2026-06-05 11:30:47,11,3.55,72.0,0.15004029870033264,seguro,automatico
2026-06-05 11:30:51,11,7.72,53.0,0.20554234087467194,seguro,automatico
2026-06-05 11:30:55,11,10.59,49.0,0.9315550923347473,calor_extremo,automatico
2026-06-05 11:30:59,11,11.21,45.0,0.9832302331924438,calor_extremo,automatico
2026-06-05 11:31:03,11,10.52,45.0,0.9645612239837646,calor_extremo,automatico
2026-06-05 11:31:07,11,6.85,63.0,0.021093375980854034,seguro,automatico
2026-06-05 11:31:11,11,3.36,77.0,0.342279851436615,seguro,automatico
2026-06-05 11:31:15,11,14.23,44.0,0.9979715943336487,calor_extremo,automatico
2026-06-05 11:31:19,11,12.7,38.0,0.9965150356292725,calor_extremo,automatico
2026-06-05 11:31:23,11,10.37,47.0,0.9400032758712769,calor_extremo,automatico
2026-06-05 11:31:27,11,4.29,76.0,0.033668629825115204,seguro,automatico
2026-06-05 11:31:31,11,3.37,70.0,0.18956807255744934,seguro,automatico
2026-06-05 11:31:35,11,8.75,48.0,0.6807342767715454,seguro,automatico
2026-06-05 11:31:39,11,12.0,34.0,0.9956157207489014,calor_extremo,automatico
2026-06-05 11:31:43,11,6.57,53.0,0.06716924160718918,seguro,automatico
2026-06-05 11:31:47,11,6.9,54.0,0.07894894480705261,seguro,automatico
2026-06-05 11:31:51,11,11.16,48.0,0.9688557982444763,calor_extremo,automatico
2026-06-05 11:31:55,11,7.41,53.0,0.15488608181476593,seguro,automatico
2026-06-05 11:31:59,11,10.8,38.0,0.9920272827148438,calor_extremo,automatico
2026-06-05 11:32:03,11,10.5,53.0,0.850666344165802,calor_extremo,automatico
2026-06-05 11:32:07,11,3.22,76.0,0.4078207314014435,seguro,automatico
2026-06-05 11:32:11,11,10.47,44.0,0.9689610600471497,calor_extremo,automatico
2026-06-05 11:32:15,11,6.89,60.0,0.03182155638933182,seguro,automatico
2026-06-05 11:32:19,11,4.86,62.0,0.004657788667827845,seguro,automatico
2026-06-05 11:32:23,11,1.73,80.0,0.9855608940124512,frio_extremo,automatico
2026-06-05 11:32:27,11,4.12,60.0,0.009499970823526382,seguro,automatico
2026-06-05 11:32:31,11,13.44,41.0,0.9973136186599731,calor_extremo,automatico
2026-06-05 11:32:35,11,0.13,75.0,0.9997066855430603,frio_extremo,automatico
2026-06-05 11:32:39,11,5.32,59.0,0.010145016014575958,seguro,automatico
2026-06-05 11:32:43,11,2.45,67.0,0.6861255764961243,frio_extremo,automatico
2026-06-05 11:32:47,11,12.88,47.0,0.995508074760437,calor_extremo,automatico
2026-06-05 11:32:51,11,3.51,72.0,0.16482795774936676,seguro,automatico
2026-06-05 11:32:55,11,13.22,36.0,0.9972613453865051,calor_extremo,automatico
2026-06-05 11:32:59,11,11.46,49.0,0.9728385210037231,calor_extremo,automatico
2026-06-05 11:33:03,11,3.51,69.0,0.12417248636484146,seguro,automatico
2026-06-05 11:33:07,11,9.92,47.0,0.9047467708587646,calor_extremo,automatico
2026-06-05 11:33:11,11,3.13,65.0,0.2083681970834732,seguro,automatico
2026-06-05 11:33:15,11,7.01,57.0,0.05153694376349449,seguro,automatico
2026-06-05 11:33:19,11,10.72,42.0,0.9837690591812134,calor_extremo,automatico
2026-06-05 11:33:23,11,11.67,59.0,0.8681547045707703,calor_extremo,automatico
2026-06-05 11:33:27,11,10.85,39.0,0.9911466240882874,calor_extremo,automatico
2026-06-05 11:33:31,11,7.99,51.0,0.3393316864967346,seguro,automatico
2026-06-05 11:33:35,11,6.64,57.0,0.03796898201107979,seguro,automatico
2026-06-05 11:33:39,11,8.15,49.0,0.47430264949798584,seguro,automatico
2026-06-05 11:33:43,11,13.29,35.0,0.9973760843276978,calor_extremo,automatico
2026-06-05 11:33:47,11,9.47,50.0,0.7635908722877502,calor_extremo,automatico
2026-06-05 11:33:51,11,6.61,65.0,0.013454184867441654,seguro,automatico
2026-06-05 11:33:55,11,10.84,42.0,0.9857680797576904,calor_extremo,automatico
2026-06-05 11:33:59,11,6.56,58.0,0.031431663781404495,seguro,automatico
2026-06-05 11:34:03,11,1.15,77.0,0.9959701299667358,frio_extremo,automatico
2026-06-05 11:34:07,11,2.03,75.0,0.9445577263832092,frio_extremo,automatico
2026-06-05 11:34:11,11,7.44,57.0,0.08059361577033997,seguro,automatico
2026-06-05 11:34:15,11,7.56,63.0,0.03726144880056381,seguro,automatico
2026-06-05 11:34:19,11,11.71,44.0,0.9915211200714111,calor_extremo,automatico
2026-06-05 11:34:23,11,1.86,75.0,0.9647520184516907,frio_extremo,automatico
2026-06-05 11:34:27,11,13.26,33.0,0.9974177479743958,calor_extremo,automatico
2026-06-05 11:34:31,11,2.13,70.0,0.8813449144363403,frio_extremo,automatico
2026-06-05 11:34:35,11,4.66,66.0,0.004105475731194019,seguro,automatico
2026-06-05 11:34:39,11,8.89,43.0,0.8672050833702087,seguro,automatico
2026-06-05 11:34:43,11,2.09,80.0,0.961555004119873,frio_extremo,automatico
2026-06-05 11:34:47,11,5.1,70.0,0.002548134420067072,seguro,automatico
2026-06-05 11:34:51,11,5.84,64.0,0.008159894496202469,seguro,automatico
2026-06-05 11:34:55,11,10.87,41.0,0.9882460236549377,calor_extremo,automatico
2026-06-05 11:34:59,11,8.6,53.0,0.4077454209327698,seguro,automatico
2026-06-05 11:35:03,11,3.79,77.0,0.13560174405574799,seguro,automatico
2026-06-05 11:35:07,11,5.46,67.0,0.003639687318354845,seguro,automatico
2026-06-05 11:35:11,11,4.55,58.0,0.006144792307168245,seguro,automatico
2026-06-05 11:35:15,11,4.56,65.0,0.0048558712005615234,seguro,automatico
2026-06-05 11:35:19,11,13.96,44.0,0.9977344870567322,calor_extremo,automatico
2026-06-05 11:35:23,11,7.12,59.0,0.04328020662069321,seguro,automatico
2026-06-05 11:35:27,11,11.42,47.0,0.9805330038070679,calor_extremo,automatico
2026-06-05 11:35:31,11,10.12,46.0,0.9350069165229797,calor_extremo,automatico
2026-06-05 11:35:35,11,10.1,52.0,0.8157314658164978,calor_extremo,automatico
2026-06-05 11:35:39,11,5.75,62.0,0.009804172441363335,seguro,automatico
2026-06-05 11:35:43,11,5.01,67.0,0.0031318047549575567,seguro,automatico
2026-06-05 11:35:47,11,2.0,76.0,0.9538799524307251,frio_extremo,automatico
2026-06-05 11:35:51,11,6.8,57.0,0.04309491068124771,seguro,automatico
2026-06-05 11:35:55,11,12.12,45.0,0.9932639002799988,calor_extremo,automatico
2026-06-05 11:35:59,11,11.91,45.0,0.991810142993927,calor_extremo,automatico
2026-06-05 11:36:03,11,6.49,67.0,0.009333377704024315,seguro,automatico
2026-06-05 11:36:07,11,3.38,72.0,0.2209395468235016,seguro,automatico
2026-06-05 11:36:11,11,3.17,66.0,0.20815443992614746,seguro,automatico
2026-06-05 11:36:15,11,2.55,68.0,0.6487263441085815,frio_extremo,automatico
2026-06-05 11:36:19,11,3.29,60.0,0.08848611265420914,seguro,automatico
2026-06-05 11:36:23,11,0.73,76.0,0.9986015558242798,frio_extremo,automatico
2026-06-05 11:36:27,11,9.25,56.0,0.4431098699569702,seguro,automatico
2026-06-05 11:36:31,11,4.67,67.0,0.004456372931599617,seguro,automatico
2026-06-05 11:36:35,11,0.5,73.0,0.998974621295929,frio_extremo,automatico
2026-06-05 11:36:39,11,8.57,50.0,0.542772650718689,seguro,automatico
2026-06-05 11:36:43,11,0.69,80.0,0.9991947412490845,frio_extremo,automatico
2026-06-05 11:36:47,11,5.41,56.0,0.016030095517635345,seguro,automatico
2026-06-05 11:36:51,11,9.66,48.0,0.8543614149093628,calor_extremo,automatico
2026-06-05 11:36:55,11,7.71,57.0,0.10583377629518509,seguro,automatico
2026-06-05 11:36:59,11,5.77,67.0,0.004834834951907396,seguro,automatico
2026-06-05 11:37:03,11,9.95,47.0,0.9075835347175598,calor_extremo,automatico
2026-06-05 11:37:07,11,2.48,71.0,0.7575734257698059,frio_extremo,automatico
2026-06-05 11:37:11,11,3.74,68.0,0.0626692995429039,seguro,automatico
2026-06-05 11:37:15,11,10.2,40.0,0.9803837537765503,calor_extremo,automatico
2026-06-05 11:37:19,11,12.53,39.0,0.996211051940918,calor_extremo,automatico
2026-06-05 11:37:23,11,10.66,49.0,0.9363551735877991,calor_extremo,automatico
2026-06-05 11:37:27,11,5.87,61.0,0.012292793951928616,seguro,automatico
2026-06-05 11:37:31,11,2.81,72.0,0.5816109776496887,frio_extremo,automatico
2026-06-05 12:18:24,12,8.29,54.0,0.2886108458042145,seguro,automatico
2026-06-05 12:18:33,12,7.92,53.0,0.24584035575389862,seguro,automatico
2026-06-05 12:18:34,12,0.87,71.0,0.9965283274650574,frio_extremo,automatico
2026-06-05 12:18:39,12,8.74,51.0,0.5440126061439514,seguro,automatico
2026-06-05 12:18:39,12,9.17,50.0,0.7000352144241333,calor_extremo,automatico
2026-06-05 12:18:40,12,3.4,69.0,0.16570350527763367,seguro,automatico
2026-06-05 12:18:41,12,0.92,80.0,0.9985174536705017,frio_extremo,automatico
2026-06-05 12:18:42,12,12.74,38.0,0.9968146681785583,calor_extremo,automatico
2026-06-05 12:18:43,12,14.58,32.0,0.9982204437255859,calor_extremo,automatico
2026-06-05 12:18:44,12,5.46,69.0,0.0026201612781733274,seguro,automatico
2026-06-05 12:18:45,12,4.22,64.0,0.011350002139806747,seguro,automatico
2026-06-05 12:18:46,12,5.62,61.0,0.008794914931058884,seguro,automatico
2026-06-05 12:18:47,12,10.39,51.0,0.8820092082023621,calor_extremo,automatico
2026-06-05 12:18:49,12,5.98,53.0,0.03631483018398285,seguro,automatico
2026-06-05 12:18:50,12,4.4,59.0,0.005021393299102783,seguro,automatico
2026-06-05 12:18:51,12,5.78,66.0,0.005264689680188894,seguro,automatico
2026-06-05 12:18:52,12,1.37,80.0,0.9948189854621887,frio_extremo,automatico
2026-06-05 12:18:53,12,7.14,56.0,0.07132000476121902,seguro,automatico
2026-06-05 12:18:54,12,0.35,73.0,0.999345064163208,frio_extremo,automatico
2026-06-05 12:18:56,12,1.28,74.0,0.9922094941139221,frio_extremo,automatico
2026-06-05 12:18:57,12,7.78,64.0,0.034481387585401535,seguro,automatico
2026-06-05 12:18:58,12,2.73,75.0,0.713735818862915,frio_extremo,automatico
2026-06-05 12:18:59,12,11.13,46.0,0.9780806303024292,calor_extremo,automatico
2026-06-05 12:19:00,12,9.2,46.0,0.8391237258911133,calor_extremo,automatico
2026-06-05 12:19:01,12,10.7,48.0,0.9495276212692261,calor_extremo,automatico
2026-06-05 12:19:02,12,7.11,53.0,0.11693483591079712,seguro,automatico
2026-06-05 12:19:03,12,2.7,78.0,0.7905132174491882,frio_extremo,automatico
2026-06-05 12:19:04,12,10.15,46.0,0.9375140070915222,calor_extremo,automatico
2026-06-05 12:19:05,12,1.01,77.0,0.9973505735397339,frio_extremo,automatico
2026-06-05 12:19:06,12,9.09,48.0,0.7584018707275391,calor_extremo,automatico
2026-06-05 12:19:07,12,6.33,59.0,0.020240560173988342,seguro,automatico
2026-06-05 12:19:08,12,9.4,51.0,0.7131110429763794,calor_extremo,automatico
2026-06-05 12:19:09,12,14.1,44.0,0.9980125427246094,calor_extremo,automatico
2026-06-05 12:19:10,12,2.89,71.0,0.5065946578979492,frio_extremo,automatico
2026-06-05 12:19:12,12,8.37,48.0,0.5849610567092896,seguro,automatico
2026-06-05 12:19:13,12,5.04,68.0,0.0028258508536964655,seguro,automatico
2026-06-05 12:19:14,12,10.36,48.0,0.9280022382736206,calor_extremo,automatico
2026-06-05 12:19:15,12,3.01,66.0,0.2974354922771454,seguro,automatico
2026-06-05 12:19:16,12,10.62,52.0,0.8884169459342957,calor_extremo,automatico
2026-06-05 12:19:18,12,6.35,69.0,0.005706137977540493,seguro,automatico
2026-06-05 12:19:19,12,3.47,73.0,0.20252546668052673,seguro,automatico
2026-06-05 12:19:20,12,5.99,57.0,0.019828662276268005,seguro,automatico
2026-06-05 12:19:21,12,5.82,57.0,0.017279120162129402,seguro,automatico
2026-06-05 12:19:22,12,9.95,46.0,0.9231442213058472,calor_extremo,automatico
2026-06-05 12:19:23,12,12.28,30.0,0.9957361221313477,calor_extremo,automatico
2026-06-05 12:19:24,12,10.2,51.0,0.8581831455230713,calor_extremo,automatico
2026-06-05 12:19:25,12,13.49,35.0,0.9977538585662842,calor_extremo,automatico
2026-06-05 12:19:26,12,1.42,85.0,0.9965619444847107,frio_extremo,automatico
2026-06-05 12:19:28,12,9.0,57.0,0.3338847756385803,seguro,automatico
2026-06-05 12:19:29,12,14.74,37.0,0.9986152052879333,calor_extremo,automatico
2026-06-05 12:19:30,12,10.25,46.0,0.9437208771705627,calor_extremo,automatico
2026-06-05 12:19:31,12,10.41,46.0,0.9524589776992798,calor_extremo,automatico
2026-06-05 12:19:32,12,14.22,32.0,0.99801105260849,calor_extremo,automatico
2026-06-05 12:19:33,12,7.29,57.0,0.06962364166975021,seguro,automatico
2026-06-05 12:19:36,12,0.31,84.0,0.9998257160186768,frio_extremo,automatico
2026-06-05 12:19:42,12,12.48,35.0,0.9966044425964355,calor_extremo,automatico
2026-06-05 12:19:47,12,1.77,78.0,0.9805746078491211,frio_extremo,automatico
2026-06-05 12:19:52,12,12.84,46.0,0.9961095452308655,calor_extremo,automatico
2026-06-05 12:19:57,12,8.55,51.0,0.49129945039749146,seguro,automatico
2026-06-05 12:20:02,12,3.21,70.0,0.27363187074661255,seguro,automatico
2026-06-05 12:20:07,12,7.76,53.0,0.21435539424419403,seguro,automatico
2026-06-05 12:20:12,12,10.73,48.0,0.9511028528213501,calor_extremo,automatico
2026-06-05 12:20:17,12,6.61,57.0,0.03393571078777313,seguro,automatico
2026-06-05 12:20:22,12,10.59,53.0,0.8639606833457947,calor_extremo,automatico
2026-06-05 12:20:27,12,14.8,36.0,0.99866783618927,calor_extremo,automatico
2026-06-05 12:20:32,12,10.74,48.0,0.9516175389289856,calor_extremo,automatico
2026-06-05 12:20:37,12,10.74,46.0,0.966575562953949,calor_extremo,automatico
2026-06-05 12:20:42,12,9.03,47.0,0.7807307839393616,calor_extremo,automatico
2026-06-05 12:20:47,12,6.06,63.0,0.009744295850396156,seguro,automatico
2026-06-05 12:20:52,12,6.43,52.0,0.0700879842042923,seguro,automatico
2026-06-05 12:20:57,12,3.15,74.0,0.4090409576892853,seguro,automatico
2026-06-05 12:21:02,12,10.74,44.0,0.977020800113678,calor_extremo,automatico
2026-06-05 12:21:07,12,11.69,38.0,0.9951077103614807,calor_extremo,automatico
2026-06-05 12:21:12,12,10.26,54.0,0.783951461315155,calor_extremo,automatico
2026-06-05 12:21:17,12,14.59,34.0,0.9984942674636841,calor_extremo,automatico
2026-06-05 12:21:22,12,14.16,41.0,0.9981414079666138,calor_extremo,automatico
2026-06-05 12:21:27,12,10.36,53.0,0.8310072422027588,calor_extremo,automatico
2026-06-05 12:21:32,12,12.96,44.0,0.9968309998512268,calor_extremo,automatico
2026-06-05 12:21:37,12,4.47,65.0,0.006422519683837891,seguro,automatico
2026-06-05 12:21:42,12,8.53,50.0,0.5338667631149292,seguro,automatico
2026-06-05 12:21:47,12,12.29,32.0,0.9963907599449158,calor_extremo,automatico
2026-06-05 12:21:53,12,10.7,50.0,0.927512526512146,calor_extremo,automatico
2026-06-05 12:22:10,12,8.0,60,0.0846322551369667,seguro,manual
2026-06-05 12:22:16,12,8.0,60,0.0846322551369667,seguro,manual
2026-06-05 12:22:17,12,8.0,60,0.0846322551369667,seguro,manual
2026-06-05 12:22:18,12,8.0,60,0.0846322551369667,seguro,manual
2026-06-05 12:22:20,12,8.0,60,0.0846322551369667,seguro,manual
2026-06-05 12:22:34,12,11.05,40.0,0.9916933178901672,calor_extremo,automatico
2026-06-05 12:22:39,12,3.44,69.0,0.15085144340991974,seguro,automatico
2026-06-05 12:22:42,12,2.04,77.0,0.9551413059234619,frio_extremo,automatico
2026-06-05 12:22:44,12,7.27,56.0,0.08151005953550339,seguro,automatico
2026-06-05 12:22:46,12,8.11,46.0,0.6081287860870361,seguro,automatico
2026-06-05 12:22:48,12,10.68,42.0,0.9831867814064026,calor_extremo,automatico
2026-06-05 12:22:50,12,1.46,69.0,0.9779852628707886,frio_extremo,automatico
2026-06-05 12:22:52,12,6.06,63.0,0.009744295850396156,seguro,automatico
2026-06-05 12:22:54,12,11.33,44.0,0.987944483757019,calor_extremo,automatico
2026-06-05 12:22:57,12,0.03,81.0,0.9998888969421387,frio_extremo,automatico
2026-06-05 12:22:59,12,0.11,72.0,0.9996254444122314,frio_extremo,automatico
2026-06-05 12:23:01,12,14.33,39.0,0.9983148574829102,calor_extremo,automatico
2026-06-05 12:23:03,12,0.81,71.0,0.9970616698265076,frio_extremo,automatico
2026-06-05 12:23:05,12,1.28,67.0,0.9832957983016968,frio_extremo,automatico
2026-06-05 12:23:07,12,1.47,75.0,0.9881957173347473,frio_extremo,automatico
2026-06-05 12:23:09,12,3.15,74.0,0.4090409576892853,seguro,automatico
2026-06-05 12:23:11,12,6.09,70.0,0.003980681300163269,seguro,automatico
2026-06-05 12:23:13,12,8.23,63.0,0.06277419626712799,seguro,automatico
2026-06-05 12:23:15,12,2.04,62.0,0.8029014468193054,frio_extremo,automatico
2026-06-05 12:23:18,12,9.51,52.0,0.6984986662864685,calor_extremo,automatico
2026-06-05 12:23:20,12,3.07,69.0,0.3326772451400757,seguro,automatico
2026-06-05 12:23:22,12,9.73,47.0,0.8857911229133606,calor_extremo,automatico
2026-06-05 12:23:24,12,9.4,61.0,0.26567283272743225,seguro,automatico
2026-06-05 12:23:26,12,7.39,65.0,0.022233279421925545,seguro,automatico
2026-06-05 12:23:28,12,11.93,48.0,0.9866462349891663,calor_extremo,automatico
2026-06-05 12:23:30,12,9.37,54.0,0.5742000341415405,calor_extremo,automatico
2026-06-05 12:32:38,12,10.11,42.0,0.9687713980674744,calor_extremo,automatico
2026-06-05 12:32:41,12,8.14,52.0,0.33547618985176086,seguro,automatico
2026-06-05 12:32:43,12,3.26,70.0,0.24680772423744202,seguro,automatico
2026-06-05 12:32:45,12,5.25,74.0,0.001976792933419347,seguro,automatico
2026-06-05 12:32:47,12,2.71,68.0,0.5492381453514099,frio_extremo,automatico
2026-06-05 12:32:50,12,4.04,61.0,0.012530019506812096,seguro,automatico
2026-06-05 12:32:52,12,0.18,87.0,0.9999128580093384,frio_extremo,automatico
2026-06-05 12:32:54,12,3.5,68.0,0.1186247318983078,seguro,automatico
2026-06-05 12:32:56,12,12.74,44.0,0.996532678604126,calor_extremo,automatico
2026-06-05 12:32:59,12,9.48,43.0,0.9269869327545166,calor_extremo,automatico
2026-06-05 12:33:00,12,7.19,56.0,0.07509210705757141,seguro,automatico
2026-06-05 12:33:02,12,0.08,83.0,0.9998975396156311,frio_extremo,automatico
2026-06-05 12:33:04,12,4.16,68.0,0.020916234701871872,seguro,automatico
2026-06-05 12:33:07,12,5.03,66.0,0.0031737415120005608,seguro,automatico
2026-06-05 12:33:08,12,4.29,65.0,0.010567044839262962,seguro,automatico
2026-06-05 12:33:10,12,7.73,49.0,0.36323705315589905,seguro,automatico
2026-06-05 12:33:12,12,2.7,73.0,0.684979259967804,frio_extremo,automatico
2026-06-05 12:33:14,12,4.89,58.0,0.007120086811482906,seguro,automatico
2026-06-05 12:33:16,12,8.43,50.0,0.5061138868331909,seguro,automatico
2026-06-05 12:33:19,12,8.12,53.0,0.28936147689819336,seguro,automatico
2026-06-05 12:33:20,12,4.65,58.0,0.0058487714268267155,seguro,automatico
2026-06-05 12:33:22,12,12.32,42.0,0.995997965335846,calor_extremo,automatico
2026-06-05 12:33:25,12,1.28,72.0,0.9903060793876648,frio_extremo,automatico
2026-06-05 12:33:27,12,8.28,56.0,0.21438229084014893,seguro,automatico
2026-06-05 12:33:29,12,0.68,82.0,0.9993905425071716,frio_extremo,automatico
2026-06-05 12:33:31,12,7.86,43.0,0.6769040822982788,seguro,automatico
2026-06-05 12:33:33,12,0.52,76.0,0.999244213104248,frio_extremo,automatico
2026-06-05 12:33:35,12,4.37,73.0,0.02022393047809601,seguro,automatico
2026-06-05 12:33:37,12,12.16,48.0,0.9896289706230164,calor_extremo,automatico
2026-06-05 12:33:39,12,0.98,74.0,0.9966104030609131,frio_extremo,automatico
2026-06-05 12:33:41,12,11.24,48.0,0.9716705083847046,calor_extremo,automatico
2026-06-05 12:33:43,12,9.19,54.0,0.5246838331222534,calor_extremo,automatico
2026-06-05 12:33:45,12,14.66,30.0,0.9979546666145325,calor_extremo,automatico
2026-06-05 12:33:47,12,13.95,42.0,0.9979456663131714,calor_extremo,automatico
2026-06-05 12:33:49,12,3.83,75.0,0.10395568609237671,seguro,automatico
2026-06-05 12:33:51,12,13.66,36.0,0.9978750348091125,calor_extremo,automatico
2026-06-05 12:33:53,12,10.04,53.0,0.7750217318534851,calor_extremo,automatico
2026-06-05 12:33:55,12,7.66,56.0,0.12044138461351395,seguro,automatico
2026-06-05 12:33:57,12,7.81,50.0,0.3395968973636627,seguro,automatico
2026-06-05 12:33:59,12,14.16,38.0,0.9982187151908875,calor_extremo,automatico
2026-06-05 12:34:02,12,7.6,53.0,0.18590861558914185,seguro,automatico
2026-06-05 12:34:04,12,13.04,36.0,0.9972611665725708,calor_extremo,automatico
2026-06-05 12:34:07,12,1.73,77.0,0.9805992245674133,frio_extremo,automatico
2026-06-05 12:34:09,12,10.89,50.0,0.940498411655426,calor_extremo,automatico
2026-06-05 12:34:11,12,14.96,39.0,0.9986981749534607,calor_extremo,automatico
2026-06-05 12:34:13,12,3.43,72.0,0.20273473858833313,seguro,automatico
2026-06-05 12:34:15,12,10.0,43.0,0.9576953649520874,calor_extremo,automatico
2026-06-05 12:34:17,12,4.38,70.0,0.014215455390512943,seguro,automatico
2026-06-05 12:34:19,12,3.43,69.0,0.15445861220359802,seguro,automatico
2026-06-05 12:34:21,12,8.35,52.0,0.38936948776245117,seguro,automatico
2026-06-05 12:34:23,12,1.0,85.0,0.9989317655563354,frio_extremo,automatico
2026-06-05 12:34:25,12,4.29,63.0,0.008130905218422413,seguro,automatico
2026-06-05 12:34:27,12,7.28,67.0,0.01576782949268818,seguro,automatico
2026-06-05 12:34:29,12,6.45,55.0,0.041436851024627686,seguro,automatico
2026-06-05 12:34:31,12,7.2,50.0,0.20693208277225494,seguro,automatico
2026-06-05 12:34:33,12,5.83,56.0,0.01978512667119503,seguro,automatico
2026-06-05 12:34:35,12,1.81,67.0,0.9306818842887878,frio_extremo,automatico
2026-06-05 12:34:38,12,3.89,54.0,0.007375147193670273,seguro,automatico
2026-06-05 12:34:40,12,5.73,68.0,0.0039027167949825525,seguro,automatico
2026-06-05 12:34:42,12,1.55,68.0,0.9687061309814453,frio_extremo,automatico
2026-06-05 12:34:45,12,5.75,61.0,0.009780707769095898,seguro,automatico
2026-06-05 12:34:46,12,6.8,67.0,0.010667531751096249,seguro,automatico
2026-06-05 12:34:49,12,8.87,51.0,0.5795899033546448,seguro,automatico
2026-06-05 12:34:51,12,8.08,61.0,0.07693344354629517,seguro,automatico
2026-06-05 12:34:52,12,7.9,62.0,0.05326829478144646,seguro,automatico
2026-06-05 12:34:54,12,4.22,63.0,0.009906596504151821,seguro,automatico
2026-06-05 12:34:57,12,13.43,49.0,0.9964627623558044,calor_extremo,automatico
2026-06-05 12:34:59,12,11.09,43.0,0.9870279431343079,calor_extremo,automatico
2026-06-05 12:35:01,12,0.74,71.0,0.9975814819335938,frio_extremo,automatico
2026-06-05 12:35:03,12,7.14,53.0,0.12042438238859177,seguro,automatico
2026-06-05 12:35:05,12,3.24,67.0,0.19929645955562592,seguro,automatico
2026-06-05 12:35:07,12,2.04,78.0,0.9596352577209473,frio_extremo,automatico
2026-06-05 12:35:10,12,13.63,36.0,0.9978487491607666,calor_extremo,automatico
2026-06-05 12:35:12,12,1.08,83.0,0.9983363151550293,frio_extremo,automatico
2026-06-05 12:35:14,12,3.56,65.0,0.07560579478740692,seguro,automatico
2026-06-05 12:35:16,12,6.24,70.0,0.0045669241808354855,seguro,automatico
2026-06-05 12:35:18,12,14.25,34.0,0.998327374458313,calor_extremo,automatico
2026-06-05 12:35:20,12,7.29,57.0,0.06962364166975021,seguro,automatico
2026-06-05 12:35:22,12,1.43,77.0,0.9915027618408203,frio_extremo,automatico
2026-06-05 12:35:24,12,3.92,70.0,0.04944032058119774,seguro,automatico
2026-06-05 12:35:26,12,0.99,78.0,0.9977549314498901,frio_extremo,automatico
2026-06-05 12:35:29,12,0.24,83.0,0.9998399019241333,frio_extremo,automatico
2026-06-05 12:35:31,12,14.89,38.0,0.9986791610717773,calor_extremo,automatico
2026-06-05 12:35:34,12,7.76,59.0,0.07905838638544083,seguro,automatico
2026-06-05 12:35:36,12,9.15,50.0,0.6953436136245728,calor_extremo,automatico
2026-06-05 12:35:38,12,5.65,68.0,0.003654402680695057,seguro,automatico
2026-06-05 12:35:40,12,6.29,64.0,0.010340448468923569,seguro,automatico
2026-06-05 12:35:42,12,5.24,56.0,0.012254739180207253,seguro,automatico
2026-06-05 12:35:44,12,14.56,32.0,0.9982094168663025,calor_extremo,automatico
2026-06-05 12:35:47,12,8.04,49.0,0.44606852531433105,seguro,automatico
2026-06-05 12:35:49,12,4.01,55.0,0.006596344988793135,seguro,automatico
2026-06-05 12:35:51,12,10.39,55.0,0.7756863236427307,calor_extremo,automatico
2026-06-05 12:35:53,12,4.77,63.0,0.0038494677282869816,seguro,automatico
2026-06-05 12:35:55,12,11.48,45.0,0.9876320958137512,calor_extremo,automatico
2026-06-05 12:35:58,12,3.47,68.0,0.12765473127365112,seguro,automatico
2026-06-05 12:36:00,12,8.78,49.0,0.6471284627914429,seguro,automatico
2026-06-05 12:36:02,12,4.76,65.0,0.003622788470238447,seguro,automatico
2026-06-05 12:36:04,12,4.33,67.0,0.011769171804189682,seguro,automatico
2026-06-05 12:36:06,12,3.64,73.0,0.13649964332580566,seguro,automatico
2026-06-05 12:36:08,12,1.49,76.0,0.988814651966095,frio_extremo,automatico
2026-06-05 12:36:10,12,10.29,47.0,0.9353100061416626,calor_extremo,automatico
2026-06-05 12:36:12,12,4.25,71.0,0.022613905370235443,seguro,automatico
2026-06-05 12:36:14,12,5.24,62.0,0.005664059426635504,seguro,automatico
2026-06-05 12:36:16,12,9.77,50.0,0.81976717710495,calor_extremo,automatico
2026-06-05 12:36:19,12,9.89,56.0,0.6205519437789917,calor_extremo,automatico
2026-06-05 12:36:21,12,5.62,64.0,0.005976303946226835,seguro,automatico
2026-06-05 12:36:23,12,7.97,57.0,0.13750064373016357,seguro,automatico
2026-06-05 12:36:25,12,5.43,55.0,0.016253648325800896,seguro,automatico
2026-06-05 12:36:27,12,8.53,59.0,0.16814447939395905,seguro,automatico
2026-06-05 12:36:29,12,10.01,46.0,0.9277470111846924,calor_extremo,automatico
2026-06-05 12:36:31,12,3.4,68.0,0.15101724863052368,seguro,automatico
2026-06-05 12:36:33,12,10.33,47.0,0.937950074672699,calor_extremo,automatico
2026-06-05 12:36:36,12,6.59,59.0,0.02496124804019928,seguro,automatico
2026-06-05 12:36:38,12,12.42,34.0,0.9965689778327942,calor_extremo,automatico
2026-06-05 12:36:40,12,7.09,56.0,0.06772352755069733,seguro,automatico
2026-06-05 12:36:42,12,4.68,64.0,0.0038539429660886526,seguro,automatico
